-- Products
INSERT INTO products (name, code, category, price, cost_price, sizes, colors, stock) VALUES
('纯棉圆领T恤', 'TS-001', '上衣', 89.00, 45.00, 'S,M,L,XL,2XL,3XL', '白色,黑色,灰色', 500),
('弹力修身衬衫', 'CS-001', '上衣', 129.00, 65.00, 'S,M,L,XL,2XL', '白色,蓝色,浅粉', 300),
('休闲宽松卫衣', 'HW-001', '上衣', 159.00, 80.00, 'M,L,XL,2XL,3XL,4XL', '灰色,黑色,藏青', 400),
('高腰阔腿裤', 'P-001', '裤子', 139.00, 70.00, 'S,M,L,XL,2XL', '黑色,卡其,米白', 350),
('直筒牛仔裤', 'P-002', '裤子', 169.00, 85.00, '28,29,30,31,32,33,34', '深蓝,浅蓝,黑色', 280),
('运动休闲短裤', 'P-003', '裤子', 79.00, 40.00, 'S,M,L,XL,2XL', '黑色,灰色,深蓝', 450),
('碎花连衣裙', 'D-001', '裙子', 199.00, 100.00, 'S,M,L,XL', '花色,蓝色底,粉色底', 200),
('针织开衫外套', 'J-001', '外套', 229.00, 115.00, 'M,L,XL,2XL,3XL', '米白,黑色,杏色', 250),
('轻薄羽绒服', 'J-002', '外套', 359.00, 180.00, 'M,L,XL,2XL,3XL', '黑色,白色,军绿', 180),
('雪纺衬衫', 'CS-002', '上衣', 109.00, 55.00, 'S,M,L,XL,2XL', '白色,浅蓝,碎花', 320),
('工装休闲裤', 'P-004', '裤子', 149.00, 75.00, 'S,M,L,XL,2XL,3XL', '军绿,黑色,卡其', 380),
('蕾丝打底衫', 'TS-002', '上衣', 69.00, 35.00, 'S,M,L,XL', '白色,黑色,肤色', 600);

-- Orders
INSERT INTO orders (order_no, platform, product_id, product_name, quantity, total_price, discount, actual_price, platform_fee, profit, buyer_name, status, payment_time, created_at) VALUES
('PDD20260421001', 'pinduoduo', 1, '纯棉圆领T恤', 2, 178.00, 10.00, 168.00, 5.04, 72.96, '张三', 'completed', '2026-04-21 10:30:00', '2026-04-21 10:30:00'),
('PDD20260421002', 'pinduoduo', 2, '弹力修身衬衫', 1, 129.00, 0.00, 129.00, 3.87, 60.13, '李四', 'completed', '2026-04-21 14:20:00', '2026-04-21 14:20:00'),
('PDD20260422003', 'pinduoduo', 3, '休闲宽松卫衣', 1, 159.00, 5.00, 154.00, 4.62, 69.38, '王五', 'completed', '2026-04-22 09:15:00', '2026-04-22 09:15:00'),
('PDD20260423004', 'pinduoduo', 4, '高腰阔腿裤', 1, 139.00, 0.00, 139.00, 4.17, 64.83, '赵六', 'completed', '2026-04-23 11:00:00', '2026-04-23 11:00:00'),
('PDD20260424005', 'pinduoduo', 5, '直筒牛仔裤', 2, 338.00, 20.00, 318.00, 9.54, 148.46, '钱七', 'completed', '2026-04-24 16:45:00', '2026-04-24 16:45:00'),
('PDD20260425006', 'pinduoduo', 6, '运动休闲短裤', 3, 237.00, 15.00, 222.00, 6.66, 103.34, '孙八', 'shipped', '2026-04-25 08:30:00', '2026-04-25 08:30:00'),
('TBW20260425007', 'taobao', 7, '碎花连衣裙', 1, 199.00, 0.00, 199.00, 5.97, 93.03, '周九', 'completed', '2026-04-25 13:00:00', '2026-04-25 13:00:00'),
('PDD20260426008', 'pinduoduo', 8, '针织开衫外套', 1, 229.00, 10.00, 219.00, 6.57, 97.43, '吴十', 'completed', '2026-04-26 10:00:00', '2026-04-26 10:00:00'),
('PDD20260427009', 'pinduoduo', 9, '轻薄羽绒服', 1, 359.00, 30.00, 329.00, 9.87, 139.13, '郑一', 'completed', '2026-04-27 15:30:00', '2026-04-27 15:30:00'),
('TBW20260428010', 'taobao', 10, '雪纺衬衫', 2, 218.00, 10.00, 208.00, 6.24, 96.76, '冯二', 'processing', '2026-04-28 09:20:00', '2026-04-28 09:20:00'),
('PDD20260429011', 'pinduoduo', 11, '工装休闲裤', 1, 149.00, 0.00, 149.00, 4.47, 69.53, '陈三', 'completed', '2026-04-29 11:10:00', '2026-04-29 11:10:00'),
('PDD20260430012', 'pinduoduo', 12, '蕾丝打底衫', 5, 345.00, 25.00, 320.00, 9.60, 145.40, '褚四', 'completed', '2026-04-30 14:00:00', '2026-04-30 14:00:00'),
('PDD20260501013', 'pinduoduo', 1, '纯棉圆领T恤', 3, 267.00, 15.00, 252.00, 7.56, 112.44, '卫五', 'completed', '2026-05-01 10:00:00', '2026-05-01 10:00:00'),
('TBW20260502014', 'taobao', 3, '休闲宽松卫衣', 1, 159.00, 0.00, 159.00, 4.77, 74.23, '蒋六', 'shipped', '2026-05-02 16:30:00', '2026-05-02 16:30:00'),
('PDD20260503015', 'pinduoduo', 5, '直筒牛仔裤', 1, 169.00, 0.00, 169.00, 5.07, 78.93, '沈七', 'completed', '2026-05-03 09:45:00', '2026-05-03 09:45:00'),
('PDD20260504016', 'pinduoduo', 2, '弹力修身衬衫', 2, 258.00, 10.00, 248.00, 7.44, 115.56, '韩八', 'pending', '2026-05-04 11:20:00', '2026-05-04 11:20:00'),
('TBW20260505017', 'taobao', 7, '碎花连衣裙', 1, 199.00, 0.00, 199.00, 5.97, 93.03, '杨九', 'completed', '2026-05-05 13:30:00', '2026-05-05 13:30:00'),
('PDD20260506018', 'pinduoduo', 9, '轻薄羽绒服', 1, 359.00, 20.00, 339.00, 10.17, 148.83, '朱十', 'shipped', '2026-05-06 10:15:00', '2026-05-06 10:15:00'),
('PDD20260507019', 'pinduoduo', 4, '高腰阔腿裤', 2, 278.00, 10.00, 268.00, 8.04, 124.96, '秦一', 'completed', '2026-05-07 15:00:00', '2026-05-07 15:00:00'),
('PDD20260508020', 'pinduoduo', 6, '运动休闲短裤', 1, 79.00, 0.00, 79.00, 2.37, 36.63, '许二', 'processing', '2026-05-08 08:45:00', '2026-05-08 08:45:00'),
('PDD20260509021', 'pinduoduo', 8, '针织开衫外套', 1, 229.00, 0.00, 229.00, 6.87, 107.13, '何三', 'completed', '2026-05-09 10:30:00', '2026-05-09 10:30:00'),
('TBW20260510022', 'taobao', 11, '工装休闲裤', 1, 149.00, 0.00, 149.00, 4.47, 69.53, '吕四', 'completed', '2026-05-10 14:00:00', '2026-05-10 14:00:00'),
('PDD20260511023', 'pinduoduo', 12, '蕾丝打底衫', 2, 138.00, 5.00, 133.00, 3.99, 60.01, '施五', 'shipped', '2026-05-11 09:30:00', '2026-05-11 09:30:00'),
('PDD20260512024', 'pinduoduo', 1, '纯棉圆领T恤', 1, 89.00, 0.00, 89.00, 2.67, 41.33, '张六', 'completed', '2026-05-12 11:00:00', '2026-05-12 11:00:00'),
('PDD20260514026', 'pinduoduo', 5, '直筒牛仔裤', 2, 338.00, 15.00, 323.00, 9.69, 150.31, '李八', 'completed', '2026-05-14 10:00:00', '2026-05-14 10:00:00'),
('PDD20260515027', 'pinduoduo', 7, '碎花连衣裙', 1, 199.00, 0.00, 199.00, 5.97, 93.03, '赵九', 'processing', '2026-05-15 13:45:00', '2026-05-15 13:45:00'),
('PDD20260516028', 'pinduoduo', 2, '弹力修身衬衫', 1, 129.00, 0.00, 129.00, 3.87, 60.13, '孙十', 'completed', '2026-05-16 09:15:00', '2026-05-16 09:15:00'),
('TBW20260517029', 'taobao', 4, '高腰阔腿裤', 1, 139.00, 0.00, 139.00, 4.17, 64.83, '周一', 'shipped', '2026-05-17 14:30:00', '2026-05-17 14:30:00'),
('PDD20260518030', 'pinduoduo', 6, '运动休闲短裤', 2, 158.00, 5.00, 153.00, 4.59, 71.41, '吴二', 'completed', '2026-05-18 10:00:00', '2026-05-18 10:00:00'),
('PDD20260519031', 'pinduoduo', 8, '针织开衫外套', 1, 229.00, 0.00, 229.00, 6.87, 107.13, '郑三', 'completed', '2026-05-19 11:30:00', '2026-05-19 11:30:00'),
('PDD20260520032', 'pinduoduo', 10, '雪纺衬衫', 1, 109.00, 0.00, 109.00, 3.27, 50.73, '冯四', 'completed', '2026-05-20 09:00:00', '2026-05-20 09:00:00'),
('PDD20260521033', 'pinduoduo', 1, '纯棉圆领T恤', 2, 178.00, 10.00, 168.00, 5.04, 72.96, '陈五', 'pending', '2026-05-21 08:30:00', '2026-05-21 08:30:00'),
('PDD20260415034', 'pinduoduo', 9, '轻薄羽绒服', 1, 359.00, 25.00, 334.00, 10.02, 143.98, '褚六', 'completed', '2026-04-15 10:00:00', '2026-04-15 10:00:00'),
('PDD20260416035', 'pinduoduo', 11, '工装休闲裤', 2, 298.00, 10.00, 288.00, 8.64, 134.36, '卫七', 'completed', '2026-04-16 14:20:00', '2026-04-16 14:20:00'),
('TBW20260417036', 'taobao', 5, '直筒牛仔裤', 1, 169.00, 0.00, 169.00, 5.07, 78.93, '蒋八', 'completed', '2026-04-17 11:00:00', '2026-04-17 11:00:00'),
('PDD20260418037', 'pinduoduo', 3, '休闲宽松卫衣', 1, 159.00, 0.00, 159.00, 4.77, 74.23, '沈九', 'refunded', '2026-04-18 09:30:00', '2026-04-18 09:30:00'),
('PDD20260419038', 'pinduoduo', 7, '碎花连衣裙', 1, 199.00, 0.00, 199.00, 5.97, 93.03, '韩十', 'completed', '2026-04-19 15:00:00', '2026-04-19 15:00:00'),
('PDD20260420039', 'pinduoduo', 2, '弹力修身衬衫', 1, 129.00, 0.00, 129.00, 3.87, 60.13, '杨一', 'cancelled', '2026-04-20 10:45:00', '2026-04-20 10:45:00'),
('PDD20260501041', 'pinduoduo', 6, '运动休闲短裤', 2, 158.00, 5.00, 153.00, 4.59, 71.41, '秦三', 'completed', '2026-05-01 13:20:00', '2026-05-01 13:20:00'),
('TBW20260502042', 'taobao', 8, '针织开衫外套', 1, 229.00, 0.00, 229.00, 6.87, 107.13, '许四', 'completed', '2026-05-02 10:00:00', '2026-05-02 10:00:00'),
('PDD20260503043', 'pinduoduo', 10, '雪纺衬衫', 1, 109.00, 0.00, 109.00, 3.27, 50.73, '何五', 'processing', '2026-05-03 14:30:00', '2026-05-03 14:30:00'),
('PDD20260504044', 'pinduoduo', 12, '蕾丝打底衫', 3, 207.00, 10.00, 197.00, 5.91, 91.09, '吕六', 'completed', '2026-05-04 09:00:00', '2026-05-04 09:00:00'),
('PDD20260505045', 'pinduoduo', 1, '纯棉圆领T恤', 2, 178.00, 5.00, 173.00, 5.19, 80.81, '施七', 'completed', '2026-05-05 11:15:00', '2026-05-05 11:15:00'),
('TBW20260506046', 'taobao', 5, '直筒牛仔裤', 1, 169.00, 0.00, 169.00, 5.07, 78.93, '张八', 'shipped', '2026-05-06 15:45:00', '2026-05-06 15:45:00'),
('PDD20260507047', 'pinduoduo', 3, '休闲宽松卫衣', 2, 318.00, 10.00, 308.00, 9.24, 143.76, '李九', 'completed', '2026-05-07 10:30:00', '2026-05-07 10:30:00'),
('PDD20260508048', 'pinduoduo', 9, '轻薄羽绒服', 1, 359.00, 20.00, 339.00, 10.17, 148.83, '王十', 'pending', '2026-05-08 08:00:00', '2026-05-08 08:00:00'),
('PDD20260509049', 'pinduoduo', 11, '工装休闲裤', 1, 149.00, 0.00, 149.00, 4.47, 69.53, '赵一', 'completed', '2026-05-09 13:00:00', '2026-05-09 13:00:00'),
('TBW20260510050', 'taobao', 7, '碎花连衣裙', 1, 199.00, 0.00, 199.00, 5.97, 93.03, '周二', 'shipped', '2026-05-10 09:30:00', '2026-05-10 09:30:00'),
('PDD20260511051', 'pinduoduo', 2, '弹力修身衬衫', 1, 129.00, 0.00, 129.00, 3.87, 60.13, '吴三', 'completed', '2026-05-11 14:00:00', '2026-05-11 14:00:00'),
('PDD20260512052', 'pinduoduo', 4, '高腰阔腿裤', 1, 139.00, 0.00, 139.00, 4.17, 64.83, '郑四', 'processing', '2026-05-12 10:15:00', '2026-05-12 10:15:00'),
('PDD20260513053', 'pinduoduo', 6, '运动休闲短裤', 1, 79.00, 0.00, 79.00, 2.37, 36.63, '冯五', 'completed', '2026-05-13 16:00:00', '2026-05-13 16:00:00'),
('TBW20260514054', 'taobao', 8, '针织开衫外套', 1, 229.00, 0.00, 229.00, 6.87, 107.13, '陈六', 'completed', '2026-05-14 11:30:00', '2026-05-14 11:30:00'),
('PDD20260515055', 'pinduoduo', 10, '雪纺衬衫', 2, 218.00, 10.00, 208.00, 6.24, 96.76, '褚七', 'completed', '2026-05-15 09:00:00', '2026-05-15 09:00:00'),
('PDD20260516056', 'pinduoduo', 12, '蕾丝打底衫', 1, 69.00, 0.00, 69.00, 2.07, 31.93, '卫八', 'completed', '2026-05-16 14:30:00', '2026-05-16 14:30:00'),
('PDD20260517057', 'pinduoduo', 1, '纯棉圆领T恤', 1, 89.00, 0.00, 89.00, 2.67, 41.33, '蒋九', 'shipped', '2026-05-17 10:00:00', '2026-05-17 10:00:00'),
('TBW20260518058', 'taobao', 3, '休闲宽松卫衣', 1, 159.00, 0.00, 159.00, 4.77, 74.23, '沈十', 'completed', '2026-05-18 15:00:00', '2026-05-18 15:00:00'),
('PDD20260519059', 'pinduoduo', 5, '直筒牛仔裤', 1, 169.00, 0.00, 169.00, 5.07, 78.93, '韩一', 'pending', '2026-05-19 08:45:00', '2026-05-19 08:45:00'),
('PDD20260520060', 'pinduoduo', 7, '碎花连衣裙', 1, 199.00, 0.00, 199.00, 5.97, 93.03, '杨二', 'completed', '2026-05-20 12:00:00', '2026-05-20 12:00:00'),
('PDD20260521061', 'pinduoduo', 9, '轻薄羽绒服', 1, 359.00, 15.00, 344.00, 10.32, 153.68, '朱三', 'processing', '2026-05-21 09:15:00', '2026-05-21 09:15:00');

-- Refunds
INSERT INTO order_refunds (order_id, type, reason, amount, status, created_at) VALUES
(4, 'return', '尺码偏大，需要换小一码', 139.00, 'completed', '2026-04-25 10:00:00'),
(9, 'refund', '颜色与图片不符', 359.00, 'completed', '2026-04-29 16:30:00'),
(17, 'exchange', '想要换另一个颜色', 199.00, 'approved', '2026-05-07 09:00:00'),
(37, 'refund', '质量问题，开线', 159.00, 'completed', '2026-04-20 11:00:00'),
(22, 'return', '裤子太长', 149.00, 'completed', '2026-05-12 10:30:00');

-- Finance
INSERT INTO finance_records (order_id, type, category, amount, description, record_date) VALUES
(NULL, 'income', '商品销售', 168.00, '订单 PDD20260421001', '2026-04-21'),
(NULL, 'income', '商品销售', 129.00, '订单 PDD20260421002', '2026-04-21'),
(NULL, 'income', '商品销售', 154.00, '订单 PDD20260422003', '2026-04-22'),
(NULL, 'income', '商品销售', 139.00, '订单 PDD20260423004', '2026-04-23'),
(NULL, 'income', '商品销售', 318.00, '订单 PDD20260424005', '2026-04-24'),
(NULL, 'income', '商品销售', 199.00, '订单 TBW20260425007', '2026-04-25'),
(NULL, 'income', '商品销售', 219.00, '订单 PDD20260426008', '2026-04-26'),
(NULL, 'income', '商品销售', 329.00, '订单 PDD20260427009', '2026-04-27'),
(NULL, 'income', '商品销售', 149.00, '订单 PDD20260429011', '2026-04-29'),
(NULL, 'refund', '退款', 359.00, '退款', '2026-04-29'),
(NULL, 'income', '商品销售', 320.00, '订单 PDD20260430012', '2026-04-30'),
(NULL, 'income', '商品销售', 252.00, '订单 PDD20260501013', '2026-05-01'),
(NULL, 'expense', '平台推广', 200.00, '多多搜索推广费用', '2026-05-01'),
(NULL, 'income', '商品销售', 169.00, '订单 PDD20260503015', '2026-05-03'),
(NULL, 'income', '商品销售', 199.00, '订单 TBW20260505017', '2026-05-05'),
(NULL, 'expense', '快递费', 150.00, '5月快递费', '2026-05-05'),
(NULL, 'income', '商品销售', 268.00, '订单 PDD20260507019', '2026-05-07'),
(NULL, 'income', '商品销售', 229.00, '订单 PDD20260509021', '2026-05-09'),
(NULL, 'income', '商品销售', 149.00, '订单 TBW20260510022', '2026-05-10'),
(NULL, 'income', '商品销售', 89.00, '订单 PDD20260512024', '2026-05-12'),
(NULL, 'income', '商品销售', 323.00, '订单 PDD20260514026', '2026-05-14'),
(NULL, 'fee', '平台手续费', 45.00, '4月平台服务费', '2026-05-15'),
(NULL, 'income', '商品销售', 129.00, '订单 PDD20260516028', '2026-05-16'),
(NULL, 'income', '商品销售', 153.00, '订单 PDD20260518030', '2026-05-18'),
(NULL, 'expense', '采购入库', 1200.00, '5月新款T恤采购', '2026-05-18'),
(NULL, 'income', '商品销售', 229.00, '订单 PDD20260519031', '2026-05-19'),
(NULL, 'income', '商品销售', 109.00, '订单 PDD20260520032', '2026-05-20');
